entity,year,percent_gdp,gdp,education_spend
Belgium,1980,5.2823600769042995,27463.27,1450.7088102924356
Belgium,1981,5.40638017654419,27371.01,1479.7808587599277
Belgium,1982,5.2884202003479,27522.96,1455.5297763736723
Belgium,1986,4.82645988464355,29264.86,1412.4567281970965
Belgium,1987,4.55276012420654,29914.42,1361.931785147666
Belgium,1988,4.2778201103210405,31283.6,1338.256132032393
Belgium,1993,5.34370994567871,33502.01,1790.2502403722763
Belgium,1994,5.382229804992679,34455.04,1854.4494322021499
Belgium,1995,2.97274994850159,35163.66,1045.3276845412743
Belgium,1996,3.02610993385315,35641.57,1078.553090351224
Belgium,2001,5.843279838562009,40334.4,2356.851863204955
Belgium,2002,5.947350025176999,40917.66,2433.5164623118394
Belgium,2003,5.884789943695071,41065.62,2416.625476076032
Belgium,2004,5.806960105896,42376.37,2460.778900226881
Belgium,2005,5.76901006698608,43033.23,2482.5913708492744
Belgium,2006,5.84036016464233,43833.85,2560.0547140290723
Belgium,2007,5.84904003143311,45026.67,2633.6279531212826
Belgium,2008,6.29138994216919,45028.56,2832.922294943619
Belgium,2009,6.41535997390747,43667.61,2801.434373502016
Belgium,2010,6.4079899787902805,44502.15,2851.6933123462186
Belgium,2011,6.37873983383179,44902.3,2864.200896406652
Belgium,2013,6.6396598815917995,44347.47,2944.5211740909585
Belgium,2014,6.596849918365481,44566.64,2939.9943544582375
Canada,1980,6.48467016220093,31769.54,2060.1498810484895
Canada,1981,6.43061017990112,32477.44,2088.4975628112784
Canada,1982,6.51913976669312,31060.9,2024.9034837927832
Canada,1983,6.88043022155762,31549.57,2170.7461490514766
Canada,1984,6.64404010772705,33099.78,2199.1626587694163
Canada,1985,6.2128701210022,34346.29,2133.8903890827664
Canada,1986,6.044189929962161,34737.7,2099.6125653004656
Canada,1987,6.32446002960205,35689.59,2257.17385427885
Canada,1988,6.17614984512329,36792.19,2272.3407857024667
Canada,1989,6.09832000732422,36981.04,2255.222161236573
Canada,1990,5.9919900894165,36489.95,2186.474187633036
Canada,1991,6.88430023193359,35298.56,2430.058847949217
Canada,1992,6.770939826965329,35077.56,2375.0804803676597
Canada,1993,7.70425987243652,35500.97,2735.0869860357275
Canada,1994,6.68001985549927,36618.79,2446.142442843581
Canada,1995,6.324450016021731,37143.79,2349.1404326060783
Canada,1998,5.51196002960205,39732.87,2190.0599130137443
Canada,1999,5.54994010925293,41420.21,2298.7968481267926
Canada,2000,5.44200992584229,43175.62,2349.621525943949
Canada,2001,4.96958017349243,43552.02,2164.3525510754575
Canada,2002,5.010729789733889,44488.3,2229.188501046182
Canada,2005,4.78214979171753,47073.41,2251.120978269339
Canada,2007,4.78036022186279,48482.1,2317.6190231237397
Canada,2008,4.63825988769531,48559.09,2252.296793299864
Canada,2009,4.85264015197754,46740.48,2268.147299707032
Canada,2010,5.36992979049683,47792.77,2566.4381939336313
Canada,2011,5.27443981170654,48901.71,2579.2912608452784
China,1980,1.91190004348755,345.57,6.606952980279926
China,1981,1.9488099813461297,358.94,6.995058547043798
China,1982,2.03448009490967,384.98,7.832341469383249
China,1983,2.0769200325012203,420.07,8.724517980527876
China,1984,1.99863004684448,476.94,9.532266145420062
China,1985,2.00814008712769,533.2,10.707402944564844
China,1986,2.06154990196228,571.88,11.789591579341886
China,1987,1.8042500019073502,627.44,11.320586211967479
China,1988,1.76417994499207,685.86,12.099804570722613
China,1992,1.6545599699020401,875.94,14.492952600359931
China,1993,1.65785002708435,986.38,16.35270109715461
China,1994,1.9857100248336799,1103.1,21.904367283940317
China,1995,1.8419200181961102,1211.28,22.310808796405844
China,1996,1.8533899784088101,1319.11,24.448252544188453
China,1998,1.8443299531936599,1529.47,28.20847333511107
China,1999,1.8880399465560902,1635.65,30.881725385844693
Denmark,1980,5.9109201431274405,36378.19,2150.2857604151723
Denmark,1986,5.83825016021729,43708.25,2551.7969756531734
Denmark,1987,6.07808017730713,43763.9,2660.004930716515
Denmark,1988,6.33533000946045,43736.68,2770.863013181687
Denmark,1989,5.83814001083374,43992.48,2568.342576638031
Denmark,1991,5.596759796142581,45072.55,2522.602357496263
Denmark,1993,7.77281999588013,45658.04,3548.917262846948
Denmark,1994,7.4710597991943395,47933.68,3581.1538967544575
Denmark,1995,7.47103023529053,49130.03,3670.5193959073076
Denmark,1996,7.8849401473999,50271.77,3963.8989755385383
Denmark,1998,8.10673999786377,52655.35,4268.63231946516
Denmark,1999,7.93115997314453,54030.68,4285.259665377807
Denmark,2000,8.08432960510254,55873.66,4517.010836834336
Denmark,2001,8.21545028686523,56139.94,4612.148861775969
Denmark,2002,8.2130298614502,56203.76,4616.031592057803
Denmark,2003,8.12193965911865,56219.59,4566.121176403903
Denmark,2004,8.207630157470701,57514.35,4720.565135473251
Denmark,2005,8.08557033538818,58653.02,4742.431185929297
Denmark,2006,7.7299098968505895,60743.19,4695.393855472757
Denmark,2007,7.615600109100339,61099.79,4653.115673900078
Denmark,2008,7.476049900054929,60602.93,4530.7052876953585
Denmark,2009,8.44888019561768,57464.03,4855.067050273802
Denmark,2010,8.55955028533936,58379.29,4997.004683774093
Denmark,2011,8.484860420227049,59006.56,5006.6242547775255
Denmark,2012,7.23782014846802,58995.48,4269.986738125422
Denmark,2013,8.49442958831787,59406.8,5046.268796672821
Denmark,2014,7.634850025176999,60231.97,4598.620576709603
Estonia,1995,6.073050022125241,7268.15,441.3983851830957
Estonia,1996,6.10584020614624,7755.25,473.5231725871563
Estonia,1997,6.448190212249759,8759.07,564.8014944241049
Estonia,1998,6.29860019683838,9200.29,579.4894840497019
Estonia,1999,6.687359809875491,9195.11,614.9100906138424
Estonia,2000,5.3402099609375,10241.17,546.899980456543
Estonia,2001,5.2364802360534695,10970.98,574.4931994013789
Estonia,2002,5.468679904937741,11724.43,641.1715473784919
Estonia,2003,5.29463005065918,12685.18,671.6333522602082
Estonia,2004,4.91180992126465,13575.51,666.8032470422747
Estonia,2005,4.8448600769042995,14944.51,724.0405986789707
Estonia,2007,4.663959980010991,17966.72,837.9606305206308
Estonia,2008,5.51750993728638,17053.28,940.9164186332706
Estonia,2009,5.954150199890139,14587.43,868.5574925038342
Estonia,2010,5.52699995040894,14969.55,827.3670210764415
Estonia,2011,5.01738023757935,16176.12,811.6174480871209
Estonia,2012,4.71293020248413,16982.42,800.3696012927053
Estonia,2013,4.838379859924321,17434.7,843.5570134382256
Estonia,2014,5.47941017150879,18041.27,988.5551834493639
Finland,1980,4.8221697807312,25660.58,1237.3967343203542
Finland,1981,4.82993984222412,25882.2,1250.0946898441312
Finland,1982,4.77615976333618,26532.2,1267.220260727882
Finland,1983,4.851749897003169,27197.71,1319.5648669122206
Finland,1984,4.69558000564575,27922.36,1311.1167532644267
Finland,1985,5.04195976257324,28791.96,1451.6790380561824
Finland,1986,5.09658002853394,29483.02,1502.6257091286673
Finland,1987,5.1981301307678205,30443.55,1582.4953454253668
Finland,1988,5.0649099349975595,31933.12,1617.3837674346928
Finland,1989,5.07036018371582,33450.88,1696.0801006225583
Finland,1990,5.33590984344482,33514.91,1788.3253817116724
Finland,1991,6.33289003372192,31360.66,1986.0361116494169
Finland,1992,6.51512002944946,30154.13,1964.5777633362286
Finland,1993,7.483670234680179,29791.95,2229.5312944808015
Finland,1994,6.85562992095947,30836.47,2114.0342638876905
Finland,1995,6.80942010879517,32016.65,2180.148203262569
Finland,1996,6.860529899597171,33086.61,2269.9167718131075
Finland,1999,5.869609832763669,38427.1,2255.520840045928
Finland,2000,5.71687984466553,40509.96,2315.9057383220684
Finland,2001,5.8479700088501,41461.47,2424.6543308283817
Finland,2002,6.024779796600339,42057.5,2533.8717629551875
Finland,2003,6.17476987838745,42794.13,2642.4390489579673
Finland,2004,6.168499946594241,44345.52,2735.4533775169384
Finland,2005,6.0360598564147905,45423.26,2741.7751623349172
Finland,2006,5.9380998611450195,47085.83,2796.00360584898
Finland,2007,5.686089992523191,49319.1,2804.328409502505
Finland,2008,5.8467698097229,49444.5,2890.9060985684396
Finland,2009,6.4851799011230495,45138.98,2927.3440585319536
Finland,2010,6.540709972381589,46277.34,3026.8665923329336
Finland,2011,6.48200988769531,47246.36,3062.513726776122
Finland,2012,7.19254016876221,46351.04,3333.8171706390394
Finland,2013,7.15848016738892,45788.21,3277.73993185239
Finland,2014,7.1515598297119105,45298.73,3239.5657780496585
France,1980,4.29399013519287,27005.87,1159.6293937230107
France,1981,4.7151198387146,27153.43,1280.3167648214817
France,1982,4.8358302116394,27683.93,1338.7478507091032
France,1983,4.8352198600769,27913.66,1349.6868319943417
France,1984,4.8495798110961905,28177.83,1366.5063548850057
France,1985,4.833580017089839,28509.65,1378.0367453422534
France,1986,4.68919992446899,29057.42,1362.5605166926368
France,1987,4.60276985168457,29666.96,1365.5018907913209
France,1988,4.52404022216797,30925.65,1399.0888449668887
France,1989,4.435150146484379,31954.24,1417.2185221679704
France,1990,4.4922800064086905,32687.71,1468.4234608828542
France,1991,4.81744003295898,32830.48,1581.5886865325915
France,1992,4.710989952087401,33158.04,1562.071932709121
France,1993,5.39987993240356,32780.13,1770.087661685799
France,1994,5.59569978713989,33391.36,1868.4802604431143
France,1995,5.7590799331665,33930.96,1954.111108490752
France,1996,5.72616004943848,34246.27,1960.9962311628353
France,1998,5.65912008285522,35964.63,2035.2815990545732
France,1999,5.6452898979187,37012.05,2089.437519662619
France,2000,5.516729831695559,38245.41,2109.8959427242767
France,2001,5.41703987121582,38771.01,2100.241070173073
France,2002,5.40916013717651,38978.33,2108.400288497113
France,2003,5.7229499816894505,39078.13,2236.4218336795793
France,2004,5.637020111083981,39932.12,2250.9816351821887
France,2005,5.49981021881104,40328.77,2218.005813580801
France,2006,5.4421100616455105,41028.17,2232.7981676790246
France,2007,5.445189952850339,41736.6,2272.6371498613344
France,2008,5.44402980804443,41578.88,2263.566621051024
France,2009,5.73849010467529,40131.14,2302.9214977933875
France,2010,5.6834201812744105,40692.57,2312.729735659216
France,2011,5.51584005355835,41312.66,2278.740247470379
France,2012,5.46131992340088,41177.13,2248.8148045746802
France,2013,5.50531005859375,41212.89,2268.897378607178
France,2014,5.51760005950928,41410.4,2284.860255043031
Germany,1993,4.41381978988647,33592.98,1482.733599252604
Germany,1994,4.33487987518311,34299.31,1486.833886516668
Germany,1995,4.42079019546509,34792.94,1538.1228802340515
Germany,1996,4.48319005966187,34976.01,1568.0410035863417
Germany,1998,4.45345020294189,36269.08,1615.2254168651564
Germany,2006,4.27930021286011,40471.64,1731.9029766679773
Germany,2007,4.34302997589111,41846.88,1817.4225423751816
Germany,2008,4.4095401763916,42388.19,1869.1242680952066
Germany,2009,4.88047981262207,40117.75,1957.9386900281906
Germany,2010,4.91368007659912,41853.36,2056.5402117073054
Germany,2011,4.80779981613159,43477.11,2090.292414639329
Germany,2012,4.93331003189087,43780.21,2159.8134919128897
Germany,2013,4.93496990203857,44080.53,2175.3608881590826
Germany,2014,4.93112993240356,45014.68,2219.7323594556788
Ireland,1980,5.31584978103638,17167.09,912.5767161753183
Ireland,1981,5.72516012191772,17519.52,1003.0205725913994
Ireland,1982,5.383080005645749,17731.1,954.4792988810534
Ireland,1983,5.440030097961429,17566.64,955.6305032005315
Ireland,1984,5.2753801345825195,18201.69,960.208338418293
Ireland,1985,5.242090225219731,18705.02,980.5340250453957
Ireland,1986,5.29486989974976,18622.27,986.0249688801298
Ireland,1987,5.52220010757446,19493.95,1076.4949278705117
Ireland,1988,5.0101599693298295,20570.88,1030.633995098876
Ireland,1989,4.70738983154297,21868.47,1029.434133094025
Ireland,1990,4.5950598716735795,23753.77,1091.4999532796373
Ireland,1991,4.77694988250732,24057.35,1149.2075525593746
Ireland,1992,4.999639987945559,24673.05,1233.5636740458017
Ireland,1993,5.10943984985352,25191.62,1287.1506711036693
Ireland,1994,5.1825098991394,26514.21,1374.1015579286086
Ireland,1995,4.86579990386963,28921.12,1407.2438291580202
Ireland,1996,4.748290061950679,30988.53,1471.4252903346048
Ireland,1998,4.29312992095947,36168.92,1552.7787266078938
Ireland,1999,4.14085006713867,39512.77,1636.1645630733483
Ireland,2000,4.13662004470825,42753.97,1768.569292928552
Ireland,2001,4.09192991256714,44645.34,1826.856022027302
Ireland,2002,4.10618019104004,46732.96,1918.9395462066655
Ireland,2003,4.20553016662598,47359.43,1991.7151153921143
Ireland,2004,4.48631000518799,49424.62,2217.341672086144
Ireland,2005,4.52211999893188,51045.44,2308.336050782774
Ireland,2006,4.545470237731929,52490.99,2385.962327940843
Ireland,2007,4.7122502326965305,53838.71,2537.0147372558104
Ireland,2008,5.44451999664307,50600.92,2754.9772078853625
Ireland,2009,6.13522005081177,47603.38,2920.57211462412
Ireland,2010,6.0434098243713406,48011.1,2901.5075341887487
Ireland,2011,5.82037019729614,48935.46,2848.2249297497738
Ireland,2012,5.75110006332397,48424.39,2784.9351239542466
Ireland,2013,5.31576013565063,48661.98,2586.7541340582825
Ireland,2014,4.888440132141111,52095.35,2546.649996379374
Israel,1980,7.14989995956421,18990.93,1357.8324963908674
Israel,1981,7.09483003616333,19520.05,1384.9143704741
Israel,1982,6.6662502288818395,19441.41,1296.0130386228568
Israel,1983,7.014470100402829,19636.79,1377.4167632288927
Israel,1984,7.00283002853394,19720.87,1381.0190062481413
Israel,1985,8.021670341491701,20113.46,1613.4354554677966
Israel,1986,6.13041019439697,20244.81,1241.0898960762972
Israel,1987,5.52558994293213,21193.64,1171.073640381241
Israel,1988,4.51100015640259,21520.05,970.7694891579155
Israel,1989,5.70964002609253,21385.93,1221.0596192321302
Israel,1990,5.42505979537964,22301.6,1209.8751353263856
Israel,1991,5.43766021728516,22809.65,1240.3112637519846
Israel,1992,5.58196020126343,23457.36,1309.3804994670875
Israel,1993,5.95787000656128,23423.06,1395.5154663588526
Israel,1994,6.440680027008059,24088.05,1551.4342252457147
Israel,1998,6.6523299217224094,26777.78,1781.346271312999
Israel,1999,6.41908979415894,27037.31,1735.5492068251147
Israel,2000,6.11819982528687,28504.91,1743.9873538181794
Israel,2001,6.37935018539429,27885.97,1778.943678893996
Israel,2002,6.4692897796630895,27410.79,1773.2834359949122
Israel,2003,6.354589939117429,27098.56,1722.0023674057
Israel,2004,5.945819854736331,27797.38,1652.782139136506
Israel,2005,5.76243019104004,28409.68,1637.0879774978641
Israel,2006,5.7630300521850595,29346.31,1691.2366645073894
Israel,2007,5.50995016098022,30483.54,1679.62786130247
Israel,2008,5.542230129241941,30835.76,1708.9887813007344
Israel,2009,5.4958400726318395,30698.27,1687.1278242647181
Israel,2010,5.5444598197937,31705.74,1757.9120148682591
Israel,2011,5.56352996826172,32568.43,1811.9543632423404
Israel,2012,5.66922998428345,32590.91,1847.6536418708333
Israel,2013,5.8430900573730495,33322.5,1947.0636843681343
Israel,2014,5.73908996582031,33876.08,1944.1787080932609
Japan,1980,5.0949602127075195,25848.44,1316.9677336055756
Japan,1981,5.09062004089355,26743.98,1361.4344056125628
Japan,1982,5.06051015853882,27441.66,1388.6879919716841
Japan,1983,4.84400987625122,28214.33,1366.7049317181109
Japan,1987,5.60708999633789,32800.44,1839.1501899948119
Japan,1988,5.596980094909671,34876.94,1952.055389513589
Japan,1989,5.404170036315921,36424.37,1968.4348894568454
Japan,1993,3.43869996070862,39122.72,1345.3129572681435
Japan,1994,3.62556004524231,39413.79,1428.970622555709
Japan,1995,3.46572995185852,40403.93,1400.29110373795
Japan,1998,3.35602998733521,41329.64,1387.035112057688
Japan,1999,3.43330001831055,41135.49,1412.3047857021343
Japan,2000,3.51617002487183,42191.28,1483.5171404697435
Japan,2001,3.45707011222839,42251.74,1460.6722754364475
Japan,2002,3.4653699398040803,42214.32,1462.8823555727017
Japan,2003,3.52368998527527,42798.68,1508.09280099001
Japan,2004,3.483069896698,43693.78,1521.8848979094514
Japan,2005,3.3686199188232404,44412.75,1496.0967429971686
Japan,2006,3.3290901184082,45039.11,1499.3925604289993
Japan,2007,3.3309400081634504,45765.7,1524.42801131606
Japan,2008,3.3191499710082994,45262.16,1502.3189705177303
Japan,2010,3.63949990272522,44678.0,1626.055766539574
Japan,2011,3.6425800323486297,44664.8,1626.9510862884508
Japan,2012,3.6922600269317596,45368.7,1675.130374838589
Japan,2013,3.66538000106812,46318.02,1697.7314419707318
Japan,2014,3.5905900001525897,46546.33,1671.2878704180248
Netherlands,1980,5.96897983551025,30064.19,1794.525438809489
Netherlands,1981,5.823699951171879,29614.3,1724.6479746398938
Netherlands,1982,5.768630027771,29114.75,1679.5222110104573
Netherlands,1983,5.571899890899661,29609.2,1649.7949824962625
Netherlands,1984,5.1559100151062,30391.48,1566.957361058998
Netherlands,1985,5.54363012313843,31023.37,1719.8208845326908
Netherlands,1986,5.6334400177002,31711.42,1786.4438244609846
Netherlands,1987,5.9741702079772905,32117.65,1918.7630778024184
Netherlands,1988,5.542190074920651,33006.58,1829.2874008307447
Netherlands,1990,5.29638004302979,35449.24,1877.5264727657332
Netherlands,1991,5.22838020324707,36036.26,1884.1126838306427
Netherlands,1993,4.81809997558594,36602.53,1763.5464889938364
Netherlands,1994,4.72352981567383,37422.42,1767.6591664466864
Netherlands,1995,4.638070106506349,38395.41,1780.8060334805498
Netherlands,1996,4.54243993759155,39588.54,1798.285651669406
Netherlands,1998,4.5986499786377,42687.64,1963.055147740938
Netherlands,1999,4.55720996856689,44552.63,2030.3568956187228
Netherlands,2000,4.6255002021789595,46119.65,2133.2645039942286
Netherlands,2001,4.7507700920105,46757.05,2221.3199473063955
Netherlands,2002,4.87038993835449,46519.48,2265.6800732948295
Netherlands,2003,5.1014900207519505,46446.91,2369.4844785976397
Netherlands,2004,5.11464023590088,47245.23,2416.4235431239135
Netherlands,2005,5.15879011154175,48168.89,2484.931934159423
Netherlands,2006,5.09046983718872,49798.57,2534.981185201311
Netherlands,2007,4.93376016616821,51543.77,2543.04599240136
Netherlands,2008,5.09226989746094,52230.95,2659.740944007875
Netherlands,2009,5.49579000473022,50018.18,2748.89413698797
Netherlands,2010,5.5557999610900906,50464.46,2803.704449044324
Netherlands,2011,5.5261697769165,51057.88,2821.5451332942944
Netherlands,2012,5.4756498336792,50285.98,2753.484180233956
Netherlands,2013,5.59187984466553,49968.04,2794.15275753441
Netherlands,2014,5.52931022644043,50460.3,2790.1065281925203
New Zealand,1980,4.232470035552979,22089.32,934.9238500574113
New Zealand,1981,4.44054985046387,23006.46,1021.61332512703
New Zealand,1982,4.5327000617981,22993.43,1042.223215819503
New Zealand,1984,4.04578018188477,24323.09,984.0587548419962
New Zealand,1985,3.54623007774353,24524.56,869.6973231542586
New Zealand,1986,3.4302499294281,25061.31,859.6655685887574
New Zealand,1987,3.9172699451446498,23896.05,936.0727847267381
New Zealand,1988,4.42592000961304,24310.98,1075.9845283530242
New Zealand,1989,4.81824016571045,24321.4,1171.8634636631014
New Zealand,1994,5.92598009109497,25739.17,1525.298089813089
New Zealand,1995,5.74212980270386,26504.34,1521.9136061499603
New Zealand,1996,6.38371992111206,26988.05,1722.841524169683
New Zealand,1997,6.15727996826172,27492.05,1692.7624875144961
New Zealand,1999,6.6362099647522,28878.03,1916.4067044841297
New Zealand,2001,6.56049013137817,30228.58,1983.1430077557554
New Zealand,2002,6.40699005126953,31264.84,2003.1351883453367
New Zealand,2003,6.43747997283936,32174.1,2071.2012439413083
New Zealand,2004,6.512030124664309,32829.13,2137.842835265208
New Zealand,2005,6.2789201736450195,33583.06,2108.6535292673107
New Zealand,2006,5.95279979705811,34095.58,2029.6416170457856
New Zealand,2007,5.916039943695071,35014.91,2071.49606184888
New Zealand,2008,5.50641012191772,34134.1,1879.5635374255164
New Zealand,2009,6.281169891357419,34458.22,2164.379339737701
New Zealand,2010,7.00248003005981,34471.84,2413.883711994169
New Zealand,2011,6.93668985366821,35087.0,2433.876368956565
New Zealand,2012,7.1526799201965305,35651.55,2550.0412580888265
New Zealand,2013,6.70207977294922,36061.3,2416.8570931625372
New Zealand,2014,6.35525989532471,37027.49,2353.1932222153673
New Zealand,2015,6.344510078430179,38351.59,2433.220492788221
Norway,1980,5.78014993667603,48538.25,2805.583626638653
Norway,1981,5.54364013671875,49144.63,2724.401433721924
Norway,1982,5.6788501739502,49079.69,2787.162060939219
Norway,1983,5.64629983901978,50860.86,2871.756656304076
Norway,1984,5.429369926452639,53787.23,2920.307689891912
Norway,1985,5.255670070648191,56605.71,2975.00935874791
Norway,1986,5.53983020782471,58693.5,3251.5202430295963
Norway,1987,5.78807020187378,59443.7,3440.6430865912444
Norway,1988,5.86597013473511,58973.77,3459.3837355273736
Norway,1989,6.299860000610349,59340.58,3738.373463550185
Norway,1990,6.31037998199463,60261.09,3802.7037602917676
Norway,1991,6.37321996688843,61832.4,3940.714862806322
Norway,1992,6.6361398696899405,63674.64,4225.538171921539
Norway,1993,7.67664003372192,65097.48,4997.29921062412
Norway,1994,7.83043003082275,67999.34,5324.640740121266
Norway,1995,7.69578981399536,70459.05,5422.380392937897
Norway,1996,7.138150215148929,73627.16,5255.617279948046
Norway,1997,7.303540229797361,77088.89,5630.218093854234
Norway,1998,7.360690116882321,78629.3,5787.659114073751
Norway,1999,6.9664201736450195,79661.38,5549.546446924019
Norway,2000,6.46468019485474,81683.6,5280.583511644367
Norway,2001,6.82941007614136,82965.99,5666.087680830434
Norway,2002,7.44131994247437,83706.33,6228.855827403406
Norway,2003,7.4197998046875,83982.32,6231.320015332032
Norway,2004,7.3025197982788095,86791.94,6337.998601810265
Norway,2005,6.868680000305179,88464.06,6076.313196677974
Norway,2006,6.38566017150879,89854.46,5737.800464544297
Norway,2007,6.53203010559082,91582.3,5982.183407392502
Norway,2008,6.281079769134519,90881.63,5708.347675789688
Norway,2009,7.095439910888669,88224.67,6259.9284464298225
Norway,2010,6.74045991897583,87733.52,5913.642751106644
Norway,2011,6.44743013381958,87440.81,5637.685133195924
Norway,2012,7.36425018310547,88644.75,6528.021164188386
Norway,2013,7.4747600555419895,88434.95,6610.30031773853
Norway,2014,7.680739879608151,89091.83,6842.911716282699
Portugal,1980,3.06713008880615,12372.33,379.47545611639
Portugal,1981,3.1854400634765603,12480.27,397.5515206100461
Portugal,1982,3.32876992225647,12734.4,423.8988769798279
Portugal,1983,3.23249006271362,12696.14,410.40146384820895
Portugal,1984,3.14223003387451,12440.89,390.9213820612905
Portugal,1985,3.2621700763702406,12774.91,416.7392913032295
Portugal,1986,3.0489499568939196,13290.19,405.21124227612
Portugal,1987,3.1576700210571302,14127.05,446.08562270975125
Portugal,1988,3.38719010353088,15176.9,514.0704548227781
Portugal,1989,3.47490000724792,16150.26,561.2053859105579
Portugal,1990,3.56937003135681,16789.05,599.2633192495106
Portugal,1991,4.07093000411987,17528.94,713.5908778641696
Portugal,1992,4.33703994750977,17704.43,767.848201578904
Portugal,1993,4.84046983718872,17272.82,836.0856421319007
Portugal,1994,4.67083978652954,17335.38,809.7078261860847
Portugal,1995,4.612860202789309,18009.83,830.76828066001
Portugal,1996,5.065120220184331,18576.14,940.9038232697495
Portugal,1999,5.045350074768071,20741.51,1046.481790293027
Portugal,2000,5.16176986694336,21418.33,1105.56490394249
Portugal,2001,5.335060119628911,21727.02,1159.1495792037974
Portugal,2002,5.2558798789978,21795.2,1145.5295313873287
Portugal,2003,5.2782697677612305,21496.63,1134.650122377491
Portugal,2004,5.0423002243042,21794.16,1098.9269785652164
Portugal,2005,5.07075977325439,21873.84,1109.1698795860282
Portugal,2006,4.90802001953125,22130.49,1086.1688796203614
Portugal,2007,4.92190980911255,22603.21,1112.5096101643087
Portugal,2008,4.70212984085083,22575.97,1061.5514222315312
Portugal,2009,5.562139987945559,21840.19,1214.781941433287
Portugal,2010,5.4028902053833,22197.15,1199.2876432242392
Portugal,2011,5.12129020690918,21741.95,1113.4683561410905
Portugal,2012,4.94640016555786,20825.19,1030.097232637739
Portugal,2013,5.277870178222661,20555.87,1084.9121326042184
Portugal,2014,5.12325000762939,20711.54,1061.1039746301642
Russia,2000,2.93981003761292,6470.81,190.2295218948606
Russia,2001,3.1060199737548797,6833.75,212.2576399564741
Russia,2002,3.8390200138092,7197.48,276.3126976899144
Russia,2003,3.67853999137878,7764.88,285.63421608257266
Russia,2004,3.5478699207305895,8364.7,296.76867525935165
Russia,2005,3.7719299793243395,8940.29,337.221478748536
Russia,2006,3.86626005172729,9708.78,375.3666826500888
Russia,2008,4.101749897003169,11117.12,455.99645814971876
Russia,2012,3.7897300720214804,11677.15,442.53246510505625
Singapore,1980,2.56030011177063,13309.16,340.75443835573196
Singapore,1981,2.58428001403809,14025.33,362.4538000928884
Singapore,1982,3.2685499191284197,14370.94,469.7213477479937
Singapore,1983,3.949049949646,15381.39,607.4187740498548
Singapore,1988,3.65583992004395,19425.28,710.1571408203133
Singapore,2000,3.32136011123657,33098.58,1099.323033505725
Singapore,2001,3.55137991905212,31948.78,1134.62255730214
Singapore,2002,3.9006299972534197,32425.45,1264.796829444409
Singapore,2003,4.00778007507324,33019.75,1323.3589613389963
Singapore,2004,3.67701005935669,35307.57,1298.2629006144048
Singapore,2005,3.21966004371643,37065.88,1193.3953282118796
Singapore,2006,2.86787009239197,39427.01,1130.7154281143912
Singapore,2007,2.9633600711822496,42052.69,1246.1726243180508
Singapore,2008,2.77936005592346,41860.81,1163.4626322260133
Singapore,2009,3.03184008598328,40738.34,1235.1213224841608
Singapore,2010,3.1083600521087598,45995.23,1429.697355195544
Singapore,2011,3.07418990135193,47921.64,1473.202217442227
Singapore,2012,3.11265993118286,48884.23,1521.599839877271
Singapore,2013,2.9128398895263703,50377.66,1467.4205758899707
South Korea,1980,3.48096990585327,3699.83,128.78996886773103
South Korea,1981,2.9189600944519003,3904.15,113.96058052754387
South Korea,1982,6.377319812774661,4162.02,265.42532607164395
South Korea,1983,4.35188007354736,4644.19,202.10957918767912
South Korea,1984,4.04315996170044,5066.21,204.8349742956639
South Korea,1985,4.0271201133728,5405.32,217.67872891216263
South Korea,1986,3.67684006690979,5952.5,218.86390498280525
South Korea,1987,3.4161500930786097,6628.99,226.4562480551717
South Korea,1988,2.78400993347168,7345.96,204.51225610885623
South Korea,1989,3.10540008544922,7784.94,241.7535334121705
South Korea,1990,3.0824499130249,8464.99,260.92907689256646
South Korea,1991,3.54189991950989,9239.95,327.26978161275406
South Korea,1992,3.63384008407593,9699.29,352.4566878907683
South Korea,1993,3.7578799724578897,10253.46,385.31271982398073
South Korea,1994,3.0714099407196005,11094.28,340.7508187712665
South Korea,1995,2.99060010910034,12051.99,360.426826088762
South Korea,1998,3.4499499797821005,12689.35,437.77622775948
South Korea,1999,3.45444011688232,14022.89,484.4123377062791
South Korea,2001,3.8974299430847203,15730.35,613.0793710520273
South Korea,2002,3.7926199436187704,16807.92,637.460526027488
South Korea,2003,4.13241004943848,17221.59,711.6667158330923
South Korea,2004,4.11529016494751,17992.44,740.4411137540817
South Korea,2005,3.9013700485229506,18644.24,727.3807951347354
South Korea,2006,3.9674301147460898,19538.01,775.1568925621025
South Korea,2007,3.9522900581359903,20482.23,809.5171399745471
South Korea,2008,4.46395015716553,20931.89,934.3891365527157
South Korea,2009,4.6698298454284695,20973.86,979.4435740183836
South Korea,2012,4.61822986602783,23298.47,1075.9768998675343
South Korea,2013,4.93069982528687,23858.47,1176.3895386061204
South Korea,2014,5.05671977996826,24517.46,1239.7792493658062
South Korea,2015,5.0654401779174805,25052.39,1269.0138285885812
United Kingdom,1980,5.07011985778809,21865.22,1108.5928611690533
United Kingdom,1981,5.2884202003479,21670.24,1146.013349623871
United Kingdom,1982,5.1887001991272,22126.3,1148.0673721594817
United Kingdom,1983,5.06150007247925,23046.58,1166.5026634039884
United Kingdom,1984,4.8990597724914595,23541.7,1153.321954460622
United Kingdom,1985,4.5940899848938,24464.8,1123.9349266242982
United Kingdom,1986,4.380839824676509,25154.98,1101.999381729411
United Kingdom,1987,4.37180995941162,26407.89,1154.5027650904653
United Kingdom,1988,4.26831007003784,27843.21,1188.434536251783
United Kingdom,1989,4.1251101493835405,28481.03,1174.8738591789709
United Kingdom,1990,4.05552005767822,28609.77,1160.274960805606
United Kingdom,1991,4.1224799156189,28218.85,1163.3164236686239
United Kingdom,1992,4.3344898223877,28244.74,1224.2653806598676
United Kingdom,1994,4.850830078125,29942.18,1452.444273486328
United Kingdom,1995,4.83926010131836,30586.17,1480.144321331406
United Kingdom,1996,4.40783977508545,31277.84,1378.677072307587
United Kingdom,1998,4.22991991043091,33369.93,1411.5213131668572
United Kingdom,1999,4.025410175323491,34309.27,1381.0888456592097
United Kingdom,2000,4.071790218353271,35427.91,1442.5501739470003
United Kingdom,2001,4.14388990402222,36185.61,1499.4918394988551
United Kingdom,2002,4.692480087280269,36933.93,1733.1173107000336
United Kingdom,2003,4.84832000732422,38020.64,1843.3622960327152
United Kingdom,2004,4.77277994155884,38723.27,1848.1764632756715
United Kingdom,2005,4.97698020935059,39684.31,1975.0802549173372
United Kingdom,2006,5.02086019515991,40418.76,2029.369432217216
United Kingdom,2007,4.9534001350402805,41099.47,2035.8212024808395
United Kingdom,2008,4.93553018569946,40644.25,2006.0092275011527
United Kingdom,2009,5.130670070648191,38719.65,1986.5774940097324
United Kingdom,2010,5.77046012878418,39153.72,2259.3498015357973
United Kingdom,2011,5.67332983016968,39500.79,2241.0101022226822
United Kingdom,2013,5.61871004104614,40458.74,2273.2592868607508
United Kingdom,2014,5.693419933319089,41467.22,2360.90296927328
United Kingdom,2015,5.6314802169799805,42211.39,2377.1260771622656
United States,2010,5.42001008987427,48304.27,2618.09630784011
United States,2011,5.223899841308589,48715.53,2544.850494362638
United States,2012,5.19485998153687,49438.44,2568.257735056117
United States,2013,4.94378995895386,49914.58,2467.671994093992
United States,2014,4.98948001861572,50818.96,2535.601854868315
